date1,m_industrial
2019-01-02,91.18161969714694
2019-01-03,88.51012388865153
2019-01-04,92.01396592458089
2019-01-07,92.52444529533386
2019-01-08,93.72788707415263
2019-01-09,94.43985766834683
2019-01-10,95.48917343881395
2019-01-11,95.47445861498515
2019-01-14,95.32073770629034
2019-01-15,95.34765985276964
2019-01-16,95.4146450360616
2019-01-17,96.99545052316454
2019-01-18,98.9951491885715
2019-01-22,96.84063471688165
2019-01-23,96.75716169675191
2019-01-24,97.24928320778741
2019-01-25,98.4197457631429
2019-01-28,97.71404804123773
2019-01-29,99.31247335010104
2019-01-30,100.63926821284824
2019-01-31,100.77734020021227
2019-02-01,101.00683379173279
2019-02-04,102.36638718181186
2019-02-05,103.14454335636563
2019-02-06,103.15416889720493
2019-02-07,102.4673866695828
2019-02-08,102.67027484046088
2019-02-11,103.2972948551178
2019-02-12,104.8473818037245
2019-02-13,105.39420292112563
2019-02-14,104.9392642709944
2019-02-15,106.40030349625482
2019-02-19,106.19047866927252
2019-02-20,106.61395772298177
2019-02-21,106.26825020048354
2019-02-22,106.98590302467346
2019-02-25,107.0820570256975
2019-02-26,106.58788922097948
2019-02-27,106.91453870137532
2019-02-28,106.67630966504414
2019-03-01,106.87365860409207
2019-03-04,106.20538719495137
2019-03-05,105.65400552749634
2019-03-06,104.875742620892
2019-03-07,104.07011021508112
2019-03-08,103.65188770824008
2019-03-11,104.78143260214064
2019-03-12,104.34361894925435
2019-03-13,105.19614381260342
2019-03-14,104.6828469435374
2019-03-15,104.53276522954305
2019-03-18,105.64833052953084
2019-03-19,105.13772373729282
2019-03-20,104.27443022198148
2019-03-21,105.48614313867357
2019-03-22,102.73964264657762
2019-03-25,102.93709810574849
2019-03-26,103.63855444060431
2019-03-27,103.70701509051852
2019-03-28,104.72066285875108
2019-03-29,105.78729157977634
2019-04-01,108.0397194756402
2019-04-02,107.89324124654134
2019-04-03,108.00191685888502
2019-04-04,108.60144707891676
2019-04-05,109.13436312145657
2019-04-08,109.05805979834662
2019-04-09,107.46810868051317
2019-04-10,107.55676447020636
2019-04-11,108.74515557289124
2019-04-12,109.94419023725722
2019-04-15,109.49204961458842
2019-04-16,109.94307200113933
2019-04-17,109.98151993751526
2019-04-18,111.0923084417979
2019-04-22,110.57609984609816
2019-04-23,111.92747974395752
2019-04-24,111.56858327653673
2019-04-25,109.7640442053477
2019-04-26,110.5118113623725
2019-04-29,110.6763567129771
2019-04-30,111.06042801009283
2019-05-01,110.16406030125088
2019-05-02,110.2005979484982
2019-05-03,111.54576791657342
2019-05-06,110.60177495744493
2019-05-07,108.63867934544881
2019-05-08,108.68246931499905
2019-05-09,108.57429840829637
2019-05-10,108.8822992377811
2019-05-13,105.89669227600098
2019-05-14,106.80330816904704
2019-05-15,106.91621764500935
2019-05-16,108.13527403937445
2019-05-17,106.95385323630438
2019-05-20,106.66031455993652
2019-05-21,108.01658733685811
2019-05-22,107.05681135919359
2019-05-23,105.4802941746182
2019-05-24,105.53690319591098
2019-05-28,104.69853144221835
2019-05-29,104.34313204553392
2019-05-30,104.84210613038805
2019-05-31,103.40077662467957
2019-06-03,104.09644503063626
2019-06-04,106.64376905229356
2019-06-05,107.92425809966193
2019-06-06,107.92272769080267
2019-06-07,108.94702678256564
2019-06-10,109.38303383191426
2019-06-11,108.38503766059875
2019-06-12,108.61483155356512
2019-06-13,109.49832895067003
2019-06-14,109.04499295022752
2019-06-17,108.58535252677069
2019-06-18,110.35347890853882
2019-06-19,110.76445078849792
2019-06-20,112.44743227958679
2019-06-21,111.81550341182285
2019-06-24,111.42398357391357
2019-06-25,110.70088137520685
2019-06-26,110.6428833802541
2019-06-27,110.98211540116205
2019-06-28,112.17524382803175
2019-07-01,112.38117027282715
2019-07-02,112.20774859852261
2019-07-03,112.98680347866483
2019-07-05,112.55770534939236
2019-07-08,111.70453368292914
2019-07-09,111.39576845698886
2019-07-10,110.96382003360324
2019-07-11,111.63162562582228
2019-07-12,113.56791093614366
2019-07-15,113.19353119532268
2019-07-16,113.84621858596802
2019-07-17,112.18116728464763
2019-07-18,112.14084964328342
2019-07-19,112.35881378915575
2019-07-22,112.41498004065619
2019-07-23,114.09033317036099
2019-07-24,115.23881273799472
2019-07-25,114.88121649954054
2019-07-26,115.02150710423787
2019-07-29,114.51870208316379
2019-07-30,114.88253728548686
2019-07-31,113.61357569694519
2019-08-01,111.52856641345554
2019-08-02,110.55626784430609
2019-08-05,107.64959030681186
2019-08-06,110.04005053308275
2019-08-07,110.38729696803622
2019-08-08,112.54930830001831
2019-08-09,111.41063862376743
2019-08-12,109.99870363871257
2019-08-13,111.24560358789232
2019-08-14,108.05851742956374
2019-08-15,108.363264825609
2019-08-16,110.37954261567857
2019-08-19,111.5994684961107
2019-08-20,110.86928682857089
2019-08-21,111.64267312155829
2019-08-22,111.65493501557245
2019-08-23,108.66823495758905
2019-08-26,109.45265385839674
2019-08-27,109.03922912809584
2019-08-28,110.05562541219923
2019-08-29,111.92374878459506
2019-08-30,112.37821706136067
2019-09-03,110.67133249176874
2019-09-04,111.95008182525635
2019-09-05,114.02676102850172
2019-09-06,114.2047827773624
2019-09-09,114.04164830843608
2019-09-10,114.76917608579
2019-09-11,115.67704921298557
2019-09-12,115.96050577693515
2019-09-13,116.37573785252042
2019-09-16,116.3976005713145
2019-09-17,116.5009601910909
2019-09-18,116.22287729051378
2019-09-19,115.70072714487712
2019-09-20,115.0291788313124
2019-09-23,114.8927468723721
2019-09-24,114.15557620260451
2019-09-25,115.34484283129375
2019-09-26,115.5500995847914
2019-09-27,114.73680318726434
2019-09-30,115.08422287305196
2019-10-01,112.47629316647847
2019-10-02,110.3243715763092
2019-10-03,111.0407694445716
2019-10-04,112.3655817243788
2019-10-07,111.7886024845971
2019-10-08,110.0794255203671
2019-10-09,111.0780918598175
2019-10-10,112.13988020684984
2019-10-11,114.28844327396817
2019-10-14,114.04841486612956
2019-10-15,114.95691471629672
2019-10-16,114.90916768709819
2019-10-17,115.31984705395169
2019-10-18,114.87171589003668
2019-10-21,115.44273795021905
2019-10-22,115.8856446478102
2019-10-23,115.98790955543518
2019-10-24,116.44699687427945
2019-10-25,116.9979685942332
2019-10-28,117.3812092145284
2019-10-29,117.77824415100946
2019-10-30,117.7432271639506
2019-10-31,116.48961718877156
2019-11-01,118.7033720281389
2019-11-04,119.38662661446466
2019-11-05,119.54169143570795
2019-11-06,119.58524719874065
2019-11-07,120.09788224432204
2019-11-08,120.58562994003296
2019-11-11,120.79282765918308
2019-11-12,120.91984521018134
2019-11-13,120.48309625519647
2019-11-14,121.05782961845398
2019-11-15,121.71155733532376
2019-11-18,121.5623943540785
2019-11-19,121.53810930252075
2019-11-20,120.93463836775885
2019-11-21,120.54842861493428
2019-11-22,120.93462750646803
2019-11-25,121.83880930476718
2019-11-26,122.50104626019795
2019-11-27,122.41324302885268
2019-11-29,121.72053525182936
2019-12-02,119.9644701745775
2019-12-03,118.82198317845662
2019-12-04,119.34986787372165
2019-12-05,119.76350013415019
2019-12-06,120.96828312344022
2019-12-09,120.62371283107333
2019-12-10,120.52177781528897
2019-12-11,121.29251586066351
2019-12-12,122.26427594820659
2019-12-13,122.00823696454366
2019-12-16,122.2137897544437
2019-12-17,122.1795653767056
2019-12-18,121.72013481458028
2019-12-19,122.03847328821819
2019-12-20,123.0671169228024
2019-12-23,123.62043306562636
2019-12-24,123.24745443132188
2019-12-26,123.55824118190341
2019-12-27,123.42409912745158
2019-12-30,122.98492458131578
2019-12-31,122.9406316810184
2020-01-02,124.79191207885742
2020-01-03,124.89447500970628
2020-01-06,124.81020291646321
2020-01-07,124.74749636650085
2020-01-08,125.00631064838834
2020-01-09,125.8640903102027
2020-01-10,125.1917188167572
2020-01-13,126.26326150364346
2020-01-14,126.17702155643039
2020-01-15,126.65144766701593
2020-01-16,128.13511768976846
2020-01-17,128.14637777540418
2020-01-21,127.16936455832587
2020-01-22,126.71283997429742
2020-01-23,127.92372343275282
2020-01-24,127.2646365960439
2020-01-27,125.23032699690924
2020-01-28,126.16863883866205
2020-01-29,126.20321202278137
2020-01-30,126.05001258850098
2020-01-31,123.06979012489319
2020-02-03,123.59200421969096
2020-02-04,125.7643117374844
2020-02-05,127.34319501452975
2020-02-06,127.49983941184149
2020-02-07,126.7067088286082
2020-02-10,127.4963972568512
2020-02-11,128.1609608332316
2020-02-12,129.47387040985956
2020-02-13,128.8902369340261
2020-02-14,128.6626544263628
2020-02-18,128.11721883879767
2020-02-19,128.05761612786188
2020-02-20,127.95006325509813
2020-02-21,127.35634975963168
2020-02-24,123.68601282437642
2020-02-25,118.8128518793318
2020-02-26,117.92670673794217
2020-02-27,113.74825864368015
2020-02-28,112.25738090938992
2020-03-02,115.7280577023824
2020-03-03,112.94529220792982
2020-03-04,117.83365024460687
2020-03-05,112.40887716081407
2020-03-06,110.88202250003815
2020-03-09,101.48672548929851
2020-03-10,107.49577609697978
2020-03-11,101.76690864562988
2020-03-12,91.27142634656694
2020-03-13,97.90325232346852
2020-03-16,86.1108689043257
2020-03-17,90.04027851422627
2020-03-18,83.53514768017664
2020-03-19,82.39745948121355
2020-03-20,78.12849529369457
2020-03-23,75.1339003975327
2020-03-24,83.73515580151532
2020-03-25,87.7295179882565
2020-03-26,93.80673059257302
2020-03-27,89.82356949110289
2020-03-30,91.47984665793342
2020-03-31,90.02624755292325
2020-04-01,85.55852116765203
2020-04-02,87.00359698888418
2020-04-03,85.55445113053193
2020-04-06,91.76941040399912
2020-04-07,91.96067897693531
2020-04-08,95.35873864148114
2020-04-09,97.09602787687972
2020-04-13,94.17182337271201
2020-04-14,96.37541803153786
2020-04-15,93.71049785614014
2020-04-16,93.21669721603394
2020-04-17,97.57651133150668
2020-04-20,94.8645991892428
2020-04-21,92.38631872228675
2020-04-22,93.87439837326875
2020-04-23,94.24434585829039
2020-04-24,95.16964962675765
2020-04-27,97.70196829615412
2020-04-28,99.70387652113631
2020-04-29,102.01993153546307
2020-04-30,99.84153479498787
2020-05-01,97.0255715782578
2020-05-04,96.23709578127475
2020-05-05,96.80457385810647
2020-05-06,95.6626397725698
2020-05-07,96.74519578830616
2020-05-08,99.43133215002112
2020-05-11,98.51315185186026
2020-05-12,95.54941313975566
2020-05-13,93.14506637727892
2020-05-14,94.51278645283467
2020-05-15,94.57933862789257
2020-05-18,100.20394997983365
2020-05-19,98.87056882961376
2020-05-20,100.41671245162551
2020-05-21,100.5830675202447
2020-05-22,100.49754919876924
2020-05-26,104.64794820063823
2020-05-27,107.99929688427899
2020-05-28,107.24872992489789
2020-05-29,106.97326928216057
2020-06-01,107.25733089447021
2020-06-02,108.62623383547809
2020-06-03,112.41010458404953
2020-06-04,113.1541431401227
2020-06-05,116.86745398753398
2020-06-08,118.65129280090332
2020-06-09,116.0201187133789
2020-06-10,113.64851972219107
2020-06-11,106.12357460485923
2020-06-12,107.70979542345614
2020-06-15,108.69109515886049
2020-06-16,110.81581160828874
2020-06-17,110.23568358292451
2020-06-18,109.83526447656992
2020-06-19,108.75277744757163
2020-06-22,109.05676844313338
2020-06-23,108.86641749820194
2020-06-24,105.08154079076407
2020-06-25,106.22396661139824
2020-06-26,104.7507121885145
2020-06-29,107.67611854140823
2020-06-30,108.75601272325258
2020-07-01,108.17105913162231
2020-07-02,109.1313742946934
2020-07-06,110.30288683401572
2020-07-07,108.34361624073338
2020-07-08,108.19722298029306
2020-07-09,106.15093915526931
2020-07-10,107.4305958361239
2020-07-13,107.60937773214805
2020-07-14,109.85189454619949
2020-07-15,112.42203956036954
2020-07-16,112.42433807012198
2020-07-17,113.11417118278709
2020-07-20,112.11877191388929
2020-07-21,113.50989877855456
2020-07-22,114.45704948579943
2020-07-23,114.35329446277103
2020-07-24,113.41353435774107
2020-07-27,113.92272115398097
2020-07-28,113.03819646062078
2020-07-29,115.04292971379049
2020-07-30,114.16041312346587
2020-07-31,113.94509770419147
2020-08-03,114.66060370367927
2020-08-04,114.94475939467146
2020-08-05,116.92804078798036
2020-08-06,117.0620396201675
2020-08-07,118.78097947868142
2020-08-10,120.99313537494557
2020-08-11,121.71194548220248
2020-08-12,122.3108079111254
2020-08-13,121.71207625157125
2020-08-14,122.1210778468364
2020-08-17,121.80250465547716
2020-08-18,121.2852409208143
2020-08-19,120.97127481409021
2020-08-20,120.45387306728878
2020-08-21,120.76109865549448
2020-08-24,122.57309873684032
2020-08-25,122.37894203856185
2020-08-26,122.62794539735124
2020-08-27,123.14978234832351
2020-08-28,124.1582721761755
2020-08-31,123.02860653078234
2020-09-01,124.25751773731129
2020-09-02,126.09422928578145
2020-09-03,122.45786443916526
2020-09-04,122.39761237840395
2020-09-08,120.24823182337992
2020-09-09,122.43104526158926
2020-09-10,120.63033776669889
2020-09-11,122.24339684924564
2020-09-14,123.70146663768871
2020-09-15,123.97539895289653
2020-09-16,124.83535595197935
2020-09-17,124.85350499282012
2020-09-18,123.29726679260666
2020-09-21,119.37386333620226
2020-09-22,120.87655531393516
2020-09-23,118.61780419220796
2020-09-24,118.89918077314222
2020-09-25,120.73262321626818
2020-09-28,122.9444035968265
2020-09-29,122.07214474033665
2020-09-30,121.65624320829237
2020-10-01,121.62058121449239
2020-10-02,122.73293783858016
2020-10-05,125.01786947250366
2020-10-06,123.95146396997812
2020-10-07,126.39118006422713
2020-10-08,127.63654721749795
2020-10-09,128.0226336169887
2020-10-12,128.76308376724654
2020-10-13,127.60900880195
2020-10-14,128.15979275832305
2020-10-15,128.68042476757154
2020-10-16,129.01677828866082
2020-10-19,127.17744457399523
2020-10-20,127.82980332503448
2020-10-21,126.6907732937787
2020-10-22,127.30075310372017
2020-10-23,128.08487000336518
2020-10-26,125.30107038085525
2020-10-27,122.8490159060504
2020-10-28,119.59113975473352
2020-10-29,121.24550579689644
2020-10-30,121.00473740294173
2020-11-02,124.39503980327297
2020-11-03,128.05022518054858
2020-11-04,126.9630655597996
2020-11-05,129.51400091841415
2020-11-06,130.15117386225108
2020-11-09,133.48614137237138
2020-11-10,135.24783679601308
2020-11-11,134.50363328005815
2020-11-12,132.98631941305624
2020-11-13,135.62682803901467
2020-11-16,138.44540251912298
2020-11-17,137.77944932112823
2020-11-18,137.4777964256905
2020-11-19,138.10537821537739
2020-11-20,136.76694649619026
2020-11-23,138.56158389271917
2020-11-24,140.67590453173662
2020-11-25,139.39488778243194
2020-11-27,139.2163890890173
2020-11-30,137.99973447902784
2020-12-01,138.30349532977954
2020-12-02,137.63652908479844
2020-12-03,137.79167144362992
2020-12-04,139.40769089879217
2020-12-07,138.62823192493335
2020-12-08,139.4577663009231
2020-12-09,139.36841730169348
2020-12-10,138.16081186243005
2020-12-11,138.6280591552322
2020-12-14,137.22115462535137
2020-12-15,139.21690381539835
2020-12-16,138.2394522847356
2020-12-17,138.89831254288956
2020-12-18,139.32061569110766
2020-12-21,138.66881244247026
2020-12-22,138.06552157530913
2020-12-23,138.51693747494673
2020-12-24,138.87032305227743
2020-12-28,139.053910435857
2020-12-29,137.85679844263439
2020-12-30,138.83989120174098
2020-12-31,139.67609493152514
2021-01-04,135.96258778185458
2021-01-05,137.27324856938543
2021-01-06,140.61731887508083
2021-01-07,141.824784472182
2021-01-08,141.45716163274403
2021-01-11,141.2275001165029
2021-01-12,142.68122844438295
2021-01-13,141.42842693586607
2021-01-14,141.6553775168754
2021-01-15,139.86308474154086
2021-01-19,140.51481518874297
2021-01-20,141.53635148744326
2021-01-21,140.80272875605402
2021-01-22,140.5620470046997
2021-01-25,139.6353117968585
2021-01-26,137.74080437582893
2021-01-27,134.3981178902291
2021-01-28,136.50396759445601
2021-01-29,133.88203303878373
2021-02-01,135.84631620871053
2021-02-02,138.0948794596904
2021-02-03,137.97204582111254
2021-02-04,139.62963477985278
2021-02-05,140.47786532221613
2021-02-08,142.05823207545924
2021-02-09,142.39228588825947
2021-02-10,142.27339778075347
2021-02-11,142.63280144253292
2021-02-12,143.4196127298716
2021-02-16,142.86673770079742
2021-02-17,142.49192544576283
2021-02-18,142.21616763037605
2021-02-19,144.61643208684148
2021-02-22,144.2636887833879
2021-02-23,144.63300751351022
2021-02-24,146.51207506334458
2021-02-25,143.724471246874
2021-02-26,142.7970240051682
2021-03-01,146.59731944831643
2021-03-02,146.02815099664636
2021-03-03,145.55905517371926
2021-03-04,142.73166692579116
2021-03-05,146.57769899110536
2021-03-08,147.68232479610958
2021-03-09,147.26973817155167
2021-03-10,149.4116654782682
2021-03-11,150.1082113626841
2021-03-12,151.93632592381658
2021-03-15,153.30784344028783
2021-03-16,151.10912199278135
2021-03-17,152.30416818567224
2021-03-18,152.05830666825577
2021-03-19,151.27179192207956
2021-03-22,151.11488556217503
2021-03-23,148.57755753800674
2021-03-24,149.5990675333384
2021-03-25,151.5519246539554
2021-03-26,154.43921983564223
2021-03-29,154.08143422410294
2021-03-30,154.78674476211137
2021-03-31,154.51483461019154
2021-04-01,155.404083432378
2021-04-05,157.28636989078007
2021-04-06,157.0058197846284
2021-04-07,156.02650137205381
2021-04-08,156.51225943178744
2021-04-09,157.88208103179932
2021-04-12,158.5423526763916
2021-04-13,157.77599102741962
2021-04-14,157.88169128830367
2021-04-15,158.59331535648656
2021-04-16,159.17584068710738
2021-04-19,158.14579824499182
2021-04-20,156.84096519367114
2021-04-21,158.65199130290264
2021-04-22,158.42005868860193
2021-04-23,160.1467790088138
2021-04-26,159.65582574380412
2021-04-27,160.648085903477
2021-04-28,159.72680854797363
2021-04-29,161.41387008976292
2021-04-30,160.07316625440444
2021-05-03,161.52793729627456
2021-05-04,162.44077847455
2021-05-05,162.61976077105547
2021-05-06,163.62854467855917
2021-05-07,165.41939977697425
2021-05-10,165.3917331180057
2021-05-11,163.09945915840768
2021-05-12,158.77983369054022
2021-05-13,162.01090338423447
2021-05-14,164.1178273123664
2021-05-17,163.57824513718887
2021-05-18,160.9762327091114
2021-05-19,160.06168504663415
2021-05-20,160.76813968452248
2021-05-21,161.2992995236371
2021-05-24,162.43343922898575
2021-05-25,162.10760580526815
2021-05-26,162.5819169895069
2021-05-27,164.66381315282874
2021-05-28,164.70132093171816
2021-06-01,165.29229553325757
2021-06-02,164.88694123964052
2021-06-03,164.5283200547502
2021-06-04,165.38697371611724
2021-06-07,164.00185208707242
2021-06-08,164.9396585000528
2021-06-09,163.4383267325324
2021-06-10,162.96082764702874
2021-06-11,163.46769941175307
2021-06-14,162.80464558988004
2021-06-15,163.74734870807544
2021-06-16,162.08820317242598
2021-06-17,159.90250566843395
2021-06-18,158.0357130411509
2021-06-21,161.5012466585314
2021-06-22,162.14651424820357
2021-06-23,162.1034317789851
2021-06-24,162.8969577583107
2021-06-25,163.36298692548598
2021-06-28,162.87724899601292
2021-06-29,162.42982931394835
2021-06-30,163.40265188990412
2021-07-01,164.38293864275957
2021-07-02,164.75684676299224
2021-07-06,163.56651795876994
2021-07-07,165.44151782989502
2021-07-08,163.3260107555905
2021-07-09,165.92385438970618
2021-07-12,166.22902187141213
2021-07-13,164.83147118542647
2021-07-14,164.65072283873687
2021-07-15,164.66354689726958
2021-07-16,163.74298139520593
2021-07-19,160.5804680746955
2021-07-20,164.826185819265
2021-07-21,166.26298077042037
2021-07-22,165.46996518727894
2021-07-23,166.72378833873853
2021-07-26,166.4102987083229
2021-07-27,165.79554776887636
2021-07-28,165.2871436815004
2021-07-29,166.58238635192046
2021-07-30,166.35431369575295
2021-08-02,165.0883695499317
2021-08-03,166.9552345018129
2021-08-04,164.7027137601698
2021-08-05,165.46947087468328
2021-08-06,166.12575059323697
2021-08-09,165.64191508937526
2021-08-10,166.75681580723943
2021-08-11,168.6753536430565
2021-08-12,168.36291019336596
2021-08-13,167.91945952338142
2021-08-16,168.71473441252837
2021-08-17,166.94269883954848
2021-08-18,164.97819189123206
2021-08-19,164.12707104554048
2021-08-20,164.88099528647757
2021-08-23,166.1811280637174
2021-08-24,166.99954623145027
2021-08-25,168.07028004929825
2021-08-26,167.38010615271492
2021-08-27,168.79307548419848
2021-08-30,169.0851712871242
2021-08-31,168.46518702120395
2021-09-01,167.96983151822477
2021-09-02,169.93762196721258
2021-09-03,169.15868705027813
2021-09-07,166.31871256957183
2021-09-08,166.61699320818926
2021-09-09,166.1353332674181
2021-09-10,165.50896000217747
2021-09-13,165.5707695161974
2021-09-14,163.94629707851925
2021-09-15,165.5599601075456
2021-09-16,164.49423697188095
2021-09-17,162.8290436718915
2021-09-20,161.2330477173264
2021-09-21,160.3888589498159
2021-09-22,162.0601052980165
2021-09-23,164.43283921319085
2021-09-24,164.6323274406227
2021-09-27,164.83840664013013
2021-09-28,162.59731687081828
2021-09-29,162.55829457978945
2021-09-30,159.4548658164772
2021-10-01,161.49910493799158
2021-10-04,160.33265521075273
2021-10-05,162.11329653456406
2021-10-06,162.83815966425715
2021-10-07,164.37852501224828
2021-10-08,163.93039198179503
2021-10-11,162.9606414743372
2021-10-12,162.89915520436054
2021-10-13,163.13154906195564
2021-10-14,166.5043496054572
2021-10-15,168.0669613400021
2021-10-18,168.58731050749083
2021-10-19,169.7773233619896
2021-10-20,170.66526673291182
2021-10-21,171.1204341424478
2021-10-22,171.7831425795684
2021-10-25,171.9804822818653
2021-10-26,170.40232439298887
2021-10-27,168.38440423398404
2021-10-28,170.38267470694876
2021-10-29,171.04469523558745
2021-11-01,171.7576996313559
2021-11-02,172.250638936017
2021-11-03,171.68406032871556
2021-11-04,172.90828684214
2021-11-05,174.05083615071064
2021-11-08,174.76596992080277
2021-11-09,175.1089780910595
2021-11-10,173.96752140973067
2021-11-11,173.46078980935587
2021-11-12,174.84128900476404
2021-11-15,174.8762649329933
2021-11-16,175.55813534195357
2021-11-17,174.75914916476688
2021-11-18,174.25071113174027
2021-11-19,173.69886274595518
2021-11-22,174.26881547876306
2021-11-23,174.25436679736987
2021-11-24,174.18079677787986
2021-11-26,169.43010219367775
2021-11-29,170.38920051987105
2021-11-30,165.96905813990412
2021-12-01,163.4275834109332
2021-12-02,167.97706787006274
2021-12-03,167.63597967817978
2021-12-06,169.6668434658566
2021-12-07,171.4832181930542
2021-12-08,172.09468465238004
2021-12-09,171.42053044808878
2021-12-10,172.16571908383756
2021-12-13,170.87527973587447
2021-12-14,169.21911474176355
2021-12-15,171.0278305105261
2021-12-16,170.3228514130051
2021-12-17,167.4263821421443
2021-12-20,164.8316536207457
2021-12-21,168.06103729557347
2021-12-22,168.66126849200273
2021-12-23,170.56168352591024
2021-12-27,172.64871767404918
2021-12-28,173.32771350241995
2021-12-29,173.76882823737893
2021-12-30,173.03623109250455
2021-12-31,173.8117851566624
2022-01-03,171.80711797765784
2022-01-04,174.69085523244496
2022-01-05,172.009659586726
2022-01-06,172.5384934399579
2022-01-07,171.65256879136368
2022-01-10,170.2453787520125
2022-01-11,171.45928284928604
2022-01-12,171.7318394119675
2022-01-13,171.35713582425504
2022-01-14,170.09530461801066
2022-01-18,168.0097601864789
2022-01-19,166.45375506942338
2022-01-20,164.41442378791604
2022-01-21,162.75095524659028
2022-01-24,164.40441822361302
2022-01-25,162.29359495317613
2022-01-26,160.8108801712861
2022-01-27,158.89959893355498
2022-01-28,160.5765044366991
2022-01-31,162.5400689099286
2022-02-01,163.7789289629137
2022-02-02,164.59017941758438
2022-02-03,162.19602077071733
2022-02-04,160.34894876222353
2022-02-07,160.36841485307022
2022-02-08,162.13357453732877
2022-02-09,164.67178105019235
2022-02-10,161.5000163413383
2022-02-11,159.06577618057662
2022-02-14,158.32243169320597
2022-02-15,160.57913061090417
2022-02-16,161.96870113063503
2022-02-17,159.0699783531395
2022-02-18,158.09068592174634
2022-02-22,156.49996131175274
2022-02-23,153.25981359224062
2022-02-24,156.3760019508568
2022-02-25,160.18237817609634
2022-02-28,161.6231669864139
2022-03-01,159.74930355999922
2022-03-02,163.2966972815024
2022-03-03,163.3023055437449
2022-03-04,162.93400274740682
2022-03-07,158.66874741219186
2022-03-08,157.27263069152832
2022-03-09,160.3256643269513
2022-03-10,159.82338837030773
2022-03-11,158.04469430768813
2022-03-14,158.3443318959829
2022-03-15,161.1824593930631
2022-03-16,163.26428967553215
2022-03-17,165.5135675378748
2022-03-18,166.53414143742742
2022-03-21,166.59397589193807
2022-03-22,167.68641428045325
2022-03-23,166.14495653719516
2022-03-24,167.59078703699885
2022-03-25,168.35082561905318
2022-03-28,168.41494622101655
2022-03-29,170.3129359580375
2022-03-30,169.65326020524307
2022-03-31,166.82917192819957
2022-04-01,166.2853600527789
2022-04-04,166.40109082814809
2022-04-05,164.60962130572344
2022-04-06,163.3652366174234
2022-04-07,163.93024795119828
2022-04-08,162.80618626362568
2022-04-11,161.64763582074966
2022-04-12,161.38317595301447
2022-04-13,162.7929867409371
2022-04-14,161.8940997252593
2022-04-18,161.5175012640051
2022-04-19,164.9003031447127
2022-04-20,165.80786514282227
2022-04-21,163.31421344344682
2022-04-22,159.63100453969594
2022-04-25,159.87274855536384
2022-04-26,156.53983373899717
2022-04-27,157.41739352973732
2022-04-28,159.68390145172944
2022-04-29,155.07591268178578
2022-05-02,155.3129705738377
2022-05-03,156.0580828640912
2022-05-04,160.933638418043
2022-05-05,156.18376061723038
2022-05-06,154.7496440990551
2022-05-09,150.9674457343849
2022-05-10,150.4377384185791
2022-05-11,148.49193200549564
2022-05-12,148.824118304897
2022-05-13,151.11512645515236
2022-05-16,150.38296405689135
2022-05-17,153.58574305353937
2022-05-18,147.30907185013228
2022-05-19,146.86581008498734
2022-05-20,145.9587032472765
2022-05-23,148.30206370998073
2022-05-24,148.28449839514656
2022-05-25,149.551280691817
2022-05-26,152.55614976625185
2022-05-27,155.98361128729744
2022-05-31,154.73276331618027
2022-06-01,153.6872455236074
2022-06-02,156.8888435879269
2022-06-03,156.53978484385723
2022-06-06,157.28793881390547
2022-06-07,159.35743674716434
2022-06-08,156.26260832193736
2022-06-09,153.41154945218886
2022-06-10,148.98325601783958
2022-06-13,144.18835325498839
2022-06-14,143.33358113830155
2022-06-15,144.8960117005013
2022-06-16,139.44796402389937
2022-06-17,138.8904027809968
2022-06-21,141.5767215651435
2022-06-22,141.14563287271037
2022-06-23,141.07155980290594
2022-06-24,146.01484690485773
2022-06-27,146.01571378192386
2022-06-28,143.89334366772627
2022-06-29,143.18909386042003
2022-06-30,143.7494329246315
2022-07-01,145.25175763465262
2022-07-05,143.40835020993208
2022-07-06,144.75424796181755
2022-07-07,146.6552599056347
2022-07-08,145.9703213073112
2022-07-11,145.00963723981704
2022-07-12,144.17006283837395
2022-07-13,142.52952087247695
2022-07-14,141.81752586364746
2022-07-15,143.83001769555582
2022-07-18,143.05260968852687
2022-07-19,148.16651555654164
2022-07-20,149.6566974150168
2022-07-21,150.79803992606497
2022-07-22,150.18841916161614
2022-07-25,150.66469200237378
2022-07-26,149.96089906950255
2022-07-27,153.1081742595982
2022-07-28,156.77253583959632
2022-07-29,160.3952658756359
2022-08-01,160.25640133264903
2022-08-02,158.93115645485955
2022-08-03,160.29614668923455
2022-08-04,160.84544479524766
2022-08-05,161.36719046412287
2022-08-08,161.4327223494246
2022-08-09,160.5278078672048
2022-08-10,164.31834550805993
2022-08-11,164.78344682745032
2022-08-12,167.81132636199126
2022-08-15,168.24212406777048
2022-08-16,168.7190991994497
2022-08-17,167.41872159854785
2022-08-18,168.09333924989443
2022-08-19,166.10408945341368
2022-08-22,162.71096277236938
2022-08-23,162.82520907634014
2022-08-24,163.46785635561557
2022-08-25,165.89066136849894
2022-08-26,160.16805305996456
2022-08-29,159.23150905402932
2022-08-30,156.86322266346698
2022-08-31,155.681510847968
2022-09-01,156.24687926833695
2022-09-02,154.61806967451767
2022-09-06,155.25378370285034
2022-09-07,158.1421185699669
2022-09-08,158.638300058004
2022-09-09,160.5708723454862
2022-09-12,161.24988250474672
2022-09-13,155.25951272088128
2022-09-14,155.21626161884618
2022-09-15,153.45197079632734
2022-09-16,150.99901248313284
2022-09-19,153.15080319224177
2022-09-20,151.08665493372325
2022-09-21,149.0093564471683
2022-09-22,146.67862537744884
2022-09-23,144.26456048037554
2022-09-26,142.77402698671494
2022-09-27,142.1692788923109
2022-09-28,145.29280384166822
2022-09-29,142.70928996318096
2022-09-30,141.3747375720256
2022-10-03,145.85078605445656
2022-10-04,150.66013074565578
2022-10-05,149.8130792540473
2022-10-06,148.2967102463181
2022-10-07,145.31181106051883
2022-10-10,145.86535710257454
2022-10-11,145.693235216914
2022-10-12,144.05566023491525
2022-10-13,146.75093494879232
2022-10-14,142.96188469190855
2022-10-17,146.57128407504106
2022-10-18,150.19083220249897
2022-10-19,148.51798062711148
2022-10-20,145.70780319780917
2022-10-21,149.22348137159605
2022-10-24,151.3015895534206
2022-10-25,153.63431929253244
2022-10-26,153.96021755321607
2022-10-27,155.2593948132283
2022-10-28,159.20838528710442
2022-10-31,159.0824529802477
2022-11-01,159.085667545731
2022-11-02,155.4045129466701
2022-11-03,156.26714897155762
2022-11-04,158.36201460297042
2022-11-07,159.99771035684122
2022-11-08,161.61400230510816
2022-11-09,159.28189205478978
2022-11-10,166.97991229392386
2022-11-11,165.99979832365707
2022-11-14,164.88953665140514
2022-11-15,166.29530018729133
2022-11-16,165.235525956025
2022-11-17,164.80433978261175
2022-11-18,166.17513851217322
2022-11-21,166.71645182532234
2022-11-22,167.8565117346274
2022-11-23,168.5253200531006
2022-11-25,169.13350143948117
2022-11-28,165.8273791751346
2022-11-29,166.1734179806065
2022-11-30,169.4695170119002
2022-12-01,169.8024088885333
2022-12-02,170.63006997752834
2022-12-05,167.47888996794418
2022-12-06,165.4358127697094
2022-12-07,165.40410553442464
2022-12-08,166.37287616729736
2022-12-09,165.139276620504
2022-12-12,167.83340780155078
2022-12-13,168.42863584209132
2022-12-14,168.1031993402017
2022-12-15,163.8146757692904
2022-12-16,162.81882823480143
2022-12-19,161.91925206055512
2022-12-20,162.08363611633712
2022-12-21,165.03590425285134
2022-12-22,162.77957092749105
2022-12-23,163.82332501540313
2022-12-27,164.4151512481071
2022-12-28,162.31925954045477
2022-12-29,164.42359964267627
2022-12-30,163.62595159943038
2023-01-03,163.6656205460832
2023-01-04,164.80042880290264
2023-01-05,162.7036282049643
2023-01-06,166.95810635025435
2023-01-09,166.56535789128895
2023-01-10,167.5787770683701
2023-01-11,169.723257528769
2023-01-12,170.1675509117745
2023-01-13,170.0595129889411
2023-01-17,168.65899459735766
2023-01-18,166.2316223350731
2023-01-19,162.6766272106686
2023-01-20,165.40519260715794
2023-01-23,167.27443738885827
2023-01-24,168.3565616349916
2023-01-25,167.21198587159853
2023-01-26,168.42058406005034
2023-01-27,169.26674533534694
2023-01-30,167.90013871321807
2023-01-31,171.34186226612812
2023-02-01,173.25671043911495
2023-02-02,175.42421379604855
2023-02-03,174.85113375895733
2023-02-06,174.20190504434947
2023-02-07,174.8415906751478
2023-02-08,173.86088984721417
2023-02-09,172.31960118783488
2023-02-10,172.97930838610674
2023-02-13,174.86856218286462
2023-02-14,174.49470950461722
2023-02-15,176.07759158675736
2023-02-16,174.15404193465776
2023-02-17,175.2361915433729
2023-02-21,170.96770460541183
2023-02-22,170.9949388890653
2023-02-23,171.7546081156344
2023-02-24,170.93700049374556
2023-02-27,172.04629074560629
2023-02-28,171.73477956411
2023-03-01,172.24003059799605
2023-03-02,174.3504879667952
2023-03-03,176.43529693500415
2023-03-06,176.11645304190145
2023-03-07,174.22764953407082
2023-03-08,174.63551384693866
2023-03-09,171.80671352953524
2023-03-10,167.98947418058242
2023-03-13,166.65301557489343
2023-03-14,168.57498179255305
2023-03-15,164.37334742417207
2023-03-16,166.2966487085497
2023-03-17,163.1433457039498
2023-03-20,165.53456552608594
2023-03-21,167.71558322133245
2023-03-22,164.6134323171667
2023-03-23,163.9869527172398
2023-03-24,164.64310477231
2023-03-27,166.08240350517067
2023-03-28,166.88293784373516
2023-03-29,169.2111824911994
2023-03-30,169.66189308424254
2023-03-31,171.9064234140757
2023-04-03,171.9197917113433
2023-04-04,167.6805923565014
2023-04-05,165.3040068471754
2023-04-06,165.15938465015307
2023-04-10,167.01586066065607
2023-04-11,167.88914507788581
2023-04-12,168.64720878085575
2023-04-13,169.10587185782356
2023-04-14,168.97391122096295
2023-04-17,170.2307103904518
2023-04-18,170.97509826196207
2023-04-19,170.4109048714509
2023-04-20,170.6158737234167
2023-04-21,170.35136325939283
2023-04-24,170.8916345029264
2023-04-25,168.15946153692298
2023-04-26,164.76449363296098
2023-04-27,168.28013962668342
2023-04-28,169.60605367454323
2023-05-01,170.44717073440552
2023-05-02,168.75699592281032
2023-05-03,168.47282279504313
2023-05-04,166.490351548066
2023-05-05,169.18622562047597
2023-05-08,168.46987395673185
2023-05-09,169.11925755320368
2023-05-10,168.42095431765995
2023-05-11,167.6405234465728
2023-05-12,167.6494495030996
2023-05-15,168.1949739327302
2023-05-16,165.9510671125876
2023-05-17,168.54253673553467
2023-05-18,169.89189528130197
2023-05-19,169.33514708441658
2023-05-22,169.31816690032548
2023-05-23,167.19907536377778
2023-05-24,165.26383811074334
2023-05-25,165.8194380450893
2023-05-26,167.39141247723555
2023-05-30,166.83064010980968
2023-05-31,164.3446263880343
2023-06-01,166.19030420200244
2023-06-02,171.04449693576709
2023-06-05,169.93667928592578
2023-06-06,171.39563202213597
2023-06-07,174.20218519262366
2023-06-08,174.53657906764263
2023-06-09,173.91892538843928
2023-06-12,175.15919108004184
2023-06-13,177.32062048525424
2023-06-14,177.06867975802035
2023-06-15,179.79204984613366
2023-06-16,179.32551146842337
2023-06-20,178.3953024374472
2023-06-21,179.91839697554306
2023-06-22,178.80293212065826
2023-06-23,177.68063841639338
2023-06-26,179.27610137011553
2023-06-27,182.33995347409635
2023-06-28,182.35155796360326
2023-06-29,184.29717777870798
2023-06-30,185.77301203237997
2023-07-03,185.56126390921102
2023-07-05,184.34838990907411
2023-07-06,182.88568380716686
2023-07-07,183.292207021971
2023-07-10,186.05838816874737
2023-07-11,188.25808628185376
2023-07-12,187.77850960396432
2023-07-13,187.72768422719594
2023-07-14,187.07140386426772
2023-07-17,188.11532824748272
2023-07-18,189.1143403955408
2023-07-19,189.08392836596514
2023-07-20,189.17794415757461
2023-07-21,188.520729606216
2023-07-24,188.70859720900253
2023-07-25,189.06454331166034
2023-07-26,189.5186876606297
2023-07-27,187.64415400737042
2023-07-28,188.70356183438687
2023-07-31,189.5860308569831
2023-08-01,189.6770515957394
2023-08-02,187.6231485701896
2023-08-03,186.81716207555823
2023-08-04,185.69324312983332
