date4,m_healthc
2019-01-02,124.10882707626101
2019-01-03,120.71878260657901
2019-01-04,124.60709477984716
2019-01-07,125.69512960645888
2019-01-08,127.37395982893686
2019-01-09,129.07863856118823
2019-01-10,130.33644679236033
2019-01-11,130.53054340301998
2019-01-14,129.03250651889377
2019-01-15,131.31136960831898
2019-01-16,131.5106265961178
2019-01-17,132.83638739207433
2019-01-18,134.6242673661974
2019-01-22,133.34588303641667
2019-01-23,133.9611223765782
2019-01-24,133.93353209419857
2019-01-25,134.74427441188269
2019-01-28,133.51853868696423
2019-01-29,133.85098843347458
2019-01-30,135.82950990162198
2019-01-31,137.65602932279072
2019-02-01,137.62022387792194
2019-02-04,137.53593750605506
2019-02-05,137.9090148986332
2019-02-06,137.98434193929037
2019-02-07,136.51138865758503
2019-02-08,136.89388759552486
2019-02-11,137.16523633684432
2019-02-12,139.1275016542465
2019-02-13,139.64747241186717
2019-02-14,139.79294010949513
2019-02-15,142.04928570701964
2019-02-19,141.87853985741026
2019-02-20,142.00987970261346
2019-02-21,140.84707998850988
2019-02-22,142.2478938935295
2019-02-25,142.8785956549266
2019-02-26,142.02350804162404
2019-02-27,141.8615606096056
2019-02-28,141.50145306662907
2019-03-01,144.58391219850571
2019-03-04,141.94024476550874
2019-03-05,141.5764630030072
2019-03-06,138.83142486451163
2019-03-07,137.82057065812367
2019-03-08,137.50508735293434
2019-03-11,139.45465278625488
2019-03-12,140.65943766397143
2019-03-13,141.98419419545976
2019-03-14,142.14704504467193
2019-03-15,143.18101849631657
2019-03-18,143.09542268420023
2019-03-19,144.0861793094211
2019-03-20,143.2584070478167
2019-03-21,143.7663077702598
2019-03-22,140.3475767771403
2019-03-25,140.3749264913892
2019-03-26,141.08093352544876
2019-03-27,139.65144296676394
2019-03-28,140.38407682994054
2019-03-29,142.36467845856197
2019-04-01,143.02646273658388
2019-04-02,142.90929488530236
2019-04-03,142.745975191631
2019-04-04,142.37301478310238
2019-04-05,143.84256090436662
2019-04-08,143.70055362156458
2019-04-09,142.9443522256518
2019-04-10,143.61596770513626
2019-04-11,142.22064293755426
2019-04-12,141.23223107958597
2019-04-15,141.37859856136262
2019-04-16,137.50806865994892
2019-04-17,132.63418660845076
2019-04-18,133.65202882554797
2019-04-22,133.92416127522787
2019-04-23,135.6722060309516
2019-04-24,135.52411351885115
2019-04-25,137.09384016006712
2019-04-26,138.62738476102314
2019-04-29,138.25925914824955
2019-04-30,138.94861878289117
2019-05-01,137.76676289997403
2019-05-02,139.3346728673057
2019-05-03,141.0546087537493
2019-05-06,141.85945308019245
2019-05-07,138.74814723786852
2019-05-08,138.98179284353105
2019-05-09,139.16968263898576
2019-05-10,138.6557984730554
2019-05-13,135.12906528654554
2019-05-14,136.29359381539481
2019-05-15,136.58860651652017
2019-05-16,137.9216668870714
2019-05-17,136.97821135748
2019-05-20,136.54151532006642
2019-05-21,137.93327897692484
2019-05-22,138.87394193619016
2019-05-23,137.61573985266307
2019-05-24,138.26810770186168
2019-05-28,136.44966246589783
2019-05-29,135.50656933254666
2019-05-30,136.18257224370564
2019-05-31,135.4315190542312
2019-06-03,135.77928697495233
2019-06-04,138.42485903179835
2019-06-05,139.47975403921944
2019-06-06,140.1551097385467
2019-06-07,142.1567107760717
2019-06-10,143.24926803225563
2019-06-11,142.76033138093493
2019-06-12,143.41623009575738
2019-06-13,143.65435282389322
2019-06-14,142.8921838033767
2019-06-17,143.73125123220777
2019-06-18,144.93644242059617
2019-06-19,146.6924208080958
2019-06-20,147.2934425596207
2019-06-21,147.87252115824865
2019-06-24,147.02260318635
2019-06-25,146.5606229570177
2019-06-26,145.00042862362332
2019-06-27,146.3170667375837
2019-06-28,147.66758151281448
2019-07-01,148.42689271957155
2019-07-02,148.40968004862467
2019-07-03,150.12382112230574
2019-07-05,149.23337256719196
2019-07-08,148.1374971450321
2019-07-09,148.1516859266493
2019-07-10,148.5268921019539
2019-07-11,149.29087380000524
2019-07-12,147.7406029020037
2019-07-15,147.6124618166969
2019-07-16,146.8492600728595
2019-07-17,146.73787478795128
2019-07-18,147.86762885441857
2019-07-19,146.311175467476
2019-07-22,146.54799708109053
2019-07-23,147.65265380011664
2019-07-24,147.90418384188698
2019-07-25,145.60724194844565
2019-07-26,146.4268396014259
2019-07-29,147.02423890431723
2019-07-30,146.88658036126031
2019-07-31,145.29012065463596
2019-08-01,145.7836615850055
2019-08-02,144.57624535333542
2019-08-05,140.31044251578194
2019-08-06,143.06374663398378
2019-08-07,143.09221016414583
2019-08-08,145.5780568349929
2019-08-09,145.4415068853469
2019-08-12,143.5630473182315
2019-08-13,145.87976823534285
2019-08-14,141.40574863978796
2019-08-15,142.07489706977967
2019-08-16,143.7619113013858
2019-08-19,145.00298070150708
2019-08-20,143.6154332236638
2019-08-21,144.7948665164766
2019-08-22,143.76374592856754
2019-08-23,140.4200389650133
2019-08-26,141.52542600177583
2019-08-27,140.5833126855275
2019-08-28,141.29190184578064
2019-08-29,143.0381655314612
2019-08-30,143.08720570518858
2019-09-03,141.8464039242457
2019-09-04,141.77397964114235
2019-09-05,143.53495018065922
2019-09-06,143.6423574629284
2019-09-09,141.61130883958606
2019-09-10,142.089174361456
2019-09-11,143.65991347176688
2019-09-12,143.53218638707722
2019-09-13,143.4312997242761
2019-09-16,143.58040034581745
2019-09-17,143.87268069433787
2019-09-18,143.76479527306935
2019-09-19,144.50124032156808
2019-09-20,145.35436896672326
2019-09-23,144.77377794659327
2019-09-24,143.17379573034862
2019-09-25,142.89735473148406
2019-09-26,141.74528824336946
2019-09-27,140.54881371392145
2019-09-30,141.8810528951978
2019-10-01,139.98532218024843
2019-10-02,137.7294880246359
2019-10-03,139.40848529149616
2019-10-04,141.24731015402173
2019-10-07,140.67391439468142
2019-10-08,137.22219798678444
2019-10-09,138.88241484808543
2019-10-10,139.58465355161636
2019-10-11,141.16467957269577
2019-10-14,141.07700356983003
2019-10-15,143.1740937005906
2019-10-16,142.7103396824428
2019-10-17,144.05691772037082
2019-10-18,144.1289267010159
2019-10-21,143.9798172844781
2019-10-22,144.32400318932912
2019-10-23,144.87433712066166
2019-10-24,144.8605304596916
2019-10-25,145.20106860569544
2019-10-28,146.66968572707404
2019-10-29,148.15683861384315
2019-10-30,148.42495140196786
2019-10-31,147.85897572835287
2019-11-01,149.07972069392127
2019-11-04,149.13443716745527
2019-11-05,147.91252033294194
2019-11-06,148.29275146363273
2019-11-07,149.00411527118985
2019-11-08,149.85388731578038
2019-11-11,149.26194116804334
2019-11-12,150.57594813997784
2019-11-13,151.1233896073841
2019-11-14,150.92898433927505
2019-11-15,154.11349078587122
2019-11-18,153.74484109121656
2019-11-19,155.43230751582556
2019-11-20,155.00827736324734
2019-11-21,154.85131950983924
2019-11-22,155.57938406202527
2019-11-25,157.4480333479624
2019-11-26,157.35777004181392
2019-11-27,158.30443851531498
2019-11-29,157.43022661360484
2019-12-02,156.80343951876202
2019-12-03,156.45223626636323
2019-12-04,157.68697590298123
2019-12-05,157.7948935372489
2019-12-06,159.21540641784668
2019-12-09,157.25919693235366
2019-12-10,157.37788609095983
2019-12-11,157.54397885761563
2019-12-12,158.7054424891396
2019-12-13,158.55448635040767
2019-12-16,160.52120242043148
2019-12-17,159.92200933183943
2019-12-18,160.11626025608606
2019-12-19,160.85839262462798
2019-12-20,162.32912690298897
2019-12-23,162.77170157054113
2019-12-24,162.83663782997738
2019-12-26,162.46527184380426
2019-12-27,162.6885411701505
2019-12-30,161.7619335537865
2019-12-31,162.32463119143532
2020-01-02,162.71171709090945
2020-01-03,161.19169159541053
2020-01-06,162.56698980785552
2020-01-07,162.63733527773903
2020-01-08,163.9583267938523
2020-01-09,165.0667023431687
2020-01-10,165.3630894554986
2020-01-13,164.86179748414054
2020-01-14,165.71136026533824
2020-01-15,166.23948799617708
2020-01-16,167.51500220525833
2020-01-17,167.4397418007018
2020-01-21,167.3659736088344
2020-01-22,167.85628403557672
2020-01-23,166.83549926394508
2020-01-24,164.41070810953775
2020-01-27,162.42970336429656
2020-01-28,163.8565469166589
2020-01-29,163.3666229248047
2020-01-30,161.62556996421208
2020-01-31,158.0790562705388
2020-02-03,159.0926433442131
2020-02-04,161.8230559636676
2020-02-05,165.48199696011014
2020-02-06,165.67940711975098
2020-02-07,164.05249014354888
2020-02-10,165.08624521891275
2020-02-11,166.99653059338766
2020-02-12,167.85380215115018
2020-02-13,168.2509428357321
2020-02-14,169.29250920008099
2020-02-18,168.94024561321925
2020-02-19,170.47038480970593
2020-02-20,168.8821217067658
2020-02-21,168.08466354249015
2020-02-24,162.51730083283923
2020-02-25,157.5706868550134
2020-02-26,157.26673014201816
2020-02-27,152.4719151996431
2020-02-28,151.2268925621396
2020-03-02,158.17397589910598
2020-03-03,154.4820501993573
2020-03-04,163.2594573459928
2020-03-05,158.63307625906808
2020-03-06,156.88655320424883
2020-03-09,148.00349739619665
2020-03-10,153.7107156420511
2020-03-11,146.87854200696188
2020-03-12,135.51970221504334
2020-03-13,144.63683512854197
2020-03-16,129.33872020055378
2020-03-17,136.49488113040016
2020-03-18,130.83642850603377
2020-03-19,131.2398909311446
2020-03-20,124.86017255934458
2020-03-23,119.50964755103702
2020-03-24,129.42410296485536
2020-03-25,131.9834741410755
2020-03-26,140.9706390168932
2020-03-27,137.2692948750087
2020-03-30,143.32549367632186
2020-03-31,142.81771145169697
2020-04-01,136.67826991611057
2020-04-02,140.25359521593367
2020-04-03,137.82955330137221
2020-04-06,147.4766464687529
2020-04-07,146.37110513354105
2020-04-08,152.83593483576698
2020-04-09,153.4113827962724
2020-04-13,151.68128882514105
2020-04-14,156.29747095562163
2020-04-15,154.61927768162317
2020-04-16,158.16011555989584
2020-04-17,162.5826483983842
2020-04-20,161.47437110779777
2020-04-21,155.75720599341014
2020-04-22,158.5157689896841
2020-04-23,159.14057050432478
2020-04-24,161.3604086618575
2020-04-27,163.92813591730027
2020-04-28,160.07300567626953
2020-04-29,162.8897871895442
2020-04-30,161.61437677958654
2020-05-01,158.0974682247828
2020-05-04,158.88768265739319
2020-05-05,162.82791793157185
2020-05-06,162.208604767209
2020-05-07,164.04483298649865
2020-05-08,164.71085642254542
2020-05-11,167.82121014973475
2020-05-12,164.2808828202505
2020-05-13,162.29789859529527
2020-05-14,163.55390621366956
2020-05-15,165.69433210766505
2020-05-18,168.46861011262925
2020-05-19,166.74785969749328
2020-05-20,168.43253105405776
2020-05-21,166.7932794813126
2020-05-22,168.14028823186482
2020-05-26,167.4655640314496
2020-05-27,169.41007199363102
2020-05-28,171.84894254472522
2020-05-29,174.20289737459214
2020-06-01,173.7312449803428
2020-06-02,175.2721076238723
2020-06-03,174.4579743582105
2020-06-04,172.58644361344594
2020-06-05,175.05374408903577
2020-06-08,176.10344178336007
2020-06-09,173.30684698195685
2020-06-10,173.274203497266
2020-06-11,163.66309429350355
2020-06-12,165.22862463148815
2020-06-15,166.96350866650778
2020-06-16,169.71846818167066
2020-06-17,169.93056831662616
2020-06-18,169.41428671942816
2020-06-19,171.46752996293324
2020-06-22,170.90437348683676
2020-06-23,171.81108246152363
2020-06-24,166.66851129985992
2020-06-25,168.2838277362642
2020-06-26,166.36532500433543
2020-06-29,167.58508002568806
2020-06-30,171.57278972201877
2020-07-01,172.0169279915946
2020-07-02,173.56417651403518
2020-07-06,175.3598324760558
2020-07-07,174.14954117366247
2020-07-08,174.52150670308916
2020-07-09,174.47425603109693
2020-07-10,173.39425506289044
2020-07-13,172.80568103184777
2020-07-14,177.77516165233794
2020-07-15,181.25720520625038
2020-07-16,180.36510493263367
2020-07-17,183.75852185203917
2020-07-20,184.23063302418544
2020-07-21,184.17534511808364
2020-07-22,185.71281561775814
2020-07-23,184.67739338344998
2020-07-24,182.54793353307815
2020-07-27,185.4486652253166
2020-07-28,183.5631939418732
2020-07-29,186.28826671176486
2020-07-30,185.48065503438315
2020-07-31,185.15679379115028
2020-08-03,187.09556307111467
2020-08-04,186.13634006560795
2020-08-05,187.50702185857864
2020-08-06,185.91095626164997
2020-08-07,186.3077852763827
2020-08-10,184.8377859327528
2020-08-11,183.0287988602169
2020-08-12,186.27230462573823
2020-08-13,186.64660299391974
2020-08-14,185.76447891053698
2020-08-17,187.00826617649622
2020-08-18,186.88772560301283
2020-08-19,186.29247233981178
2020-08-20,185.03818785955036
2020-08-21,184.89610301123724
2020-08-24,183.33443671937974
2020-08-25,185.22912806556337
2020-08-26,185.31220881144205
2020-08-27,185.67255295647516
2020-08-28,185.89320988125272
2020-08-31,187.49706816294835
2020-09-01,186.46818182203504
2020-09-02,191.23383357032898
2020-09-03,184.3318547748384
2020-09-04,182.5549436750866
2020-09-08,179.61520829276432
2020-09-09,183.506331716265
2020-09-10,181.51396571265326
2020-09-11,181.70802125476655
2020-09-14,184.63125798058888
2020-09-15,185.66406415000793
2020-09-16,184.93343884604317
2020-09-17,183.58444716438416
2020-09-18,182.5987870049855
2020-09-21,180.0615605551099
2020-09-22,180.15912732623872
2020-09-23,177.32863704741948
2020-09-24,176.36694891490635
2020-09-25,180.19734334188794
2020-09-28,181.9825449292622
2020-09-29,182.13349778311593
2020-09-30,184.6299271053738
2020-10-01,184.63847611442444
2020-10-02,183.0699553111243
2020-10-05,188.05097796424988
2020-10-06,186.21585294935437
2020-10-07,190.02962506006634
2020-10-08,191.21131792522613
2020-10-09,193.30148925478497
2020-10-12,194.8647983187721
2020-10-13,194.38305047958616
2020-10-14,192.819351877485
2020-10-15,191.68876617673843
2020-10-16,193.06870758722698
2020-10-19,190.15786220913841
2020-10-20,190.911924150255
2020-10-21,190.389371690296
2020-10-22,195.21318730853852
2020-10-23,196.02666543022033
2020-10-26,193.66621607825869
2020-10-27,193.594604613289
2020-10-28,186.65871409764367
2020-10-29,185.66351587810215
2020-10-30,184.62031540038095
2020-11-02,188.17204832652257
2020-11-03,192.01673035394577
2020-11-04,200.379307368445
2020-11-05,202.13808177766344
2020-11-06,203.3261902824281
2020-11-09,201.2383911647494
2020-11-10,199.61651797521682
2020-11-11,200.57463795798165
2020-11-12,200.74642605251736
2020-11-13,203.38947143251934
2020-11-16,203.4169046613905
2020-11-17,201.85593724629237
2020-11-18,197.4983763467698
2020-11-19,197.30138845292348
2020-11-20,197.24883898477705
2020-11-23,197.06424699510848
2020-11-24,195.85620307922363
2020-11-25,195.2951018772428
2020-11-27,197.77200138758099
2020-11-30,199.26316715422132
2020-12-01,200.89970291985406
2020-12-02,201.04959734659346
2020-12-03,200.9057464902363
2020-12-04,203.06655123877147
2020-12-07,201.49453365991985
2020-12-08,203.3482532198467
2020-12-09,201.2778805929517
2020-12-10,201.69713050600083
2020-12-11,200.42025021144323
2020-12-14,200.72808012886654
2020-12-15,202.9225912245493
2020-12-16,201.39239865257628
2020-12-17,204.5302632346986
2020-12-18,205.30989471314444
2020-12-21,203.6589255711389
2020-12-22,203.69736562456404
2020-12-23,203.83720743088494
2020-12-24,204.3103641933865
2020-12-28,203.85082720196436
2020-12-29,204.28735493856763
2020-12-30,204.14144951956612
2020-12-31,206.28738342769563
2021-01-04,205.58173134213402
2021-01-05,207.5173912956601
2021-01-06,211.1565578097389
2021-01-07,214.9174988156273
2021-01-08,216.7277636149573
2021-01-11,216.49204687088255
2021-01-12,214.37039611453102
2021-01-13,214.5395151168581
2021-01-14,213.3882702418736
2021-01-15,214.28720011029924
2021-01-19,215.68252793569414
2021-01-20,218.2661120399596
2021-01-21,216.63122552538675
2021-01-22,215.7386677908519
2021-01-25,216.5895675023397
2021-01-26,214.35585084037174
2021-01-27,206.99918315524147
2021-01-28,210.9629557473319
2021-01-29,209.9496202620249
2021-02-01,211.91372299194336
2021-02-02,214.2767261020721
2021-02-03,211.2470534188407
2021-02-04,214.2283222259037
2021-02-05,214.29140539017934
2021-02-08,215.1459250071692
2021-02-09,215.42731409224254
2021-02-10,215.81625360155863
2021-02-11,217.16947001502626
2021-02-12,219.63242234124078
2021-02-16,217.13271301511733
2021-02-17,217.06719967675588
2021-02-18,215.42180591159396
2021-02-19,213.8702411954365
2021-02-22,210.8136500101241
2021-02-23,210.38273720514206
2021-02-24,211.45906551300533
2021-02-25,208.29287813580225
2021-02-26,207.73182764507476
2021-03-01,211.20621093871102
2021-03-02,209.9406818813748
2021-03-03,204.6014130456107
2021-03-04,201.3387794343252
2021-03-05,205.47054809994168
2021-03-08,202.96033620077466
2021-03-09,205.5726086904132
2021-03-10,205.5870549640958
2021-03-11,208.8524515515282
2021-03-12,208.70514355008564
2021-03-15,211.7063265603686
2021-03-16,210.15045031290205
2021-03-17,209.9190449790349
2021-03-18,208.32762690952845
2021-03-19,209.91340546380906
2021-03-22,212.04002063993423
2021-03-23,209.44612363785032
2021-03-24,208.36291581108458
2021-03-25,209.29231231931655
2021-03-26,213.67760028536358
2021-03-29,213.2718526598007
2021-03-30,211.7226764285375
2021-03-31,213.09075266217428
2021-04-01,213.63579129415845
2021-04-05,215.79495585910857
2021-04-06,216.50454306224034
2021-04-07,215.17288640945677
2021-04-08,216.61052728077723
2021-04-09,219.6683970103188
2021-04-12,219.5934548756433
2021-04-13,221.400235584804
2021-04-14,221.1180085227603
2021-04-15,225.72674973805746
2021-04-16,227.34116198524598
2021-04-19,226.7540529341925
2021-04-20,226.8515853730459
2021-04-21,230.0947187968663
2021-04-22,229.70179881746807
2021-04-23,232.2316978696793
2021-04-26,231.97315058632503
2021-04-27,231.37468509068566
2021-04-28,230.34853364550878
2021-04-29,229.47593198503768
2021-04-30,228.20164839426675
2021-05-03,229.2842631869846
2021-05-04,227.5857774492294
2021-05-05,227.26701760670497
2021-05-06,227.61630385262626
2021-05-07,229.19700854165214
2021-05-10,227.31224402170332
2021-05-11,225.3578048887707
2021-05-12,221.97730084071083
2021-05-13,224.37136718205042
2021-05-14,223.23822642862797
2021-05-17,221.77461124956608
2021-05-18,221.44264496862888
2021-05-19,221.2812798023224
2021-05-20,224.5655772536993
2021-05-21,224.59573398530483
2021-05-24,225.40214622020721
2021-05-25,225.34387816488743
2021-05-26,224.61505109071732
2021-05-27,225.684516787529
2021-05-28,226.19090302288532
2021-06-01,223.4453463703394
2021-06-02,222.12378424406052
2021-06-03,222.16352730989456
2021-06-04,223.7652159333229
2021-06-07,225.3659623861313
2021-06-08,225.72695571184158
2021-06-09,227.13286937773228
2021-06-10,231.52958263456821
2021-06-11,230.8221492767334
2021-06-14,231.58130738139153
2021-06-15,231.6540775448084
2021-06-16,230.78345781564713
2021-06-17,233.36480420827866
2021-06-18,231.05049294233322
2021-06-21,233.88708356022835
2021-06-22,235.02103623747826
2021-06-23,234.2679477483034
2021-06-24,234.7693259268999
2021-06-25,235.93245653808117
2021-06-28,237.20980975031853
2021-06-29,237.93652395904064
2021-06-30,237.18175891041756
2021-07-01,239.59978146851063
2021-07-02,241.61688375473022
2021-07-06,242.02852216362953
2021-07-07,243.8261457979679
2021-07-08,242.7273441106081
2021-07-09,243.91225691139698
2021-07-12,244.21370282769203
2021-07-13,243.67395091056824
2021-07-14,242.5623378455639
2021-07-15,241.92417468130589
2021-07-16,243.30751678347588
2021-07-19,241.0899487286806
2021-07-20,244.25788888335228
2021-07-21,244.19199085235596
2021-07-22,246.66018883883953
2021-07-23,249.8092830479145
2021-07-26,248.0675871670246
2021-07-27,249.18410322070122
2021-07-28,250.07920406758785
2021-07-29,252.39210894703865
2021-07-30,253.19133281707764
2021-08-02,253.46581326425076
2021-08-03,256.25577744841576
2021-08-04,256.8014779984951
2021-08-05,255.97679516673088
2021-08-06,255.15337626636028
2021-08-09,256.06105659902096
2021-08-10,254.05394057929516
2021-08-11,251.55185548961163
2021-08-12,254.1824437826872
2021-08-13,255.642040386796
2021-08-16,258.2604306638241
2021-08-17,260.0575502961874
2021-08-18,256.4082151502371
2021-08-19,257.8449169397354
2021-08-20,259.0499160140753
2021-08-23,259.47150579094887
2021-08-24,259.8638894110918
2021-08-25,260.8098239004612
2021-08-26,259.53609359264374
2021-08-27,259.7087046802044
2021-08-30,261.867465749383
2021-08-31,261.25558173656464
2021-09-01,262.3599607348442
2021-09-02,265.4396455734968
2021-09-03,265.7498270869255
2021-09-07,264.612622782588
2021-09-08,265.16370587050915
2021-09-09,262.64403635263443
2021-09-10,260.7791789919138
2021-09-13,257.6852106451988
2021-09-14,258.4648350030184
2021-09-15,259.7000083774328
2021-09-16,259.34282271564007
2021-09-17,259.5064052939415
2021-09-20,256.5638972967863
2021-09-21,257.3098158687353
2021-09-22,258.1368612796068
2021-09-23,260.67017479240894
2021-09-24,259.7521944195032
2021-09-27,253.43058632314205
2021-09-28,247.41934768855572
2021-09-29,248.1161071062088
2021-09-30,244.49853904545307
2021-10-01,243.96974797546864
2021-10-04,239.23230870068073
2021-10-05,240.68255457282066
2021-10-06,240.68253523111343
2021-10-07,243.54534550011158
2021-10-08,241.75401835143566
2021-10-11,239.70448143780231
2021-10-12,239.00174310803413
2021-10-13,238.95478057861328
2021-10-14,242.8266417235136
2021-10-15,243.42514327168465
2021-10-18,242.92410638928413
2021-10-19,245.4788835644722
2021-10-20,248.9240300655365
2021-10-21,250.51931138336658
2021-10-22,251.35264098644257
2021-10-25,251.84394489228725
2021-10-26,252.50395195186138
2021-10-27,250.48457327485085
2021-10-28,253.72295333445072
2021-10-29,255.5242383480072
2021-11-01,255.20433340966702
2021-11-02,255.18171897530556
2021-11-03,255.68158614635468
2021-11-04,253.92677871882915
2021-11-05,250.88593573868275
2021-11-08,253.11249423027039
2021-11-09,252.55469597876072
2021-11-10,251.61467188596725
2021-11-11,251.14359369874
2021-11-12,252.83839087188244
2021-11-15,251.26156616210938
2021-11-16,253.39610193669796
2021-11-17,253.1747689396143
2021-11-18,252.97263765335083
2021-11-19,252.14275845885277
2021-11-22,250.16948294639587
2021-11-23,248.95018488168716
2021-11-24,248.78568744659424
2021-11-26,246.7552546262741
2021-11-29,249.39556796848774
2021-11-30,243.75178748369217
2021-12-01,242.08965682983398
2021-12-02,244.47666622698307
2021-12-03,243.16843642294407
2021-12-06,244.53484645485878
2021-12-07,249.5223136395216
2021-12-08,252.49994578957558
2021-12-09,251.29551409184933
2021-12-10,251.80131863057613
2021-12-13,252.23149718344212
2021-12-14,249.13051521778107
2021-12-15,253.64272141456604
2021-12-16,252.69225400686264
2021-12-17,252.96259620785713
2021-12-20,249.64547449350357
2021-12-21,252.95937338471413
2021-12-22,256.6743084490299
2021-12-23,258.471382856369
2021-12-27,261.93689043819904
2021-12-28,261.09499701857567
2021-12-29,263.28788700699806
2021-12-30,263.6848462373018
2021-12-31,262.43264415860176
2022-01-03,259.04401126503944
2022-01-04,254.07817251980305
2022-01-05,248.69878086447716
2022-01-06,245.99520014226437
2022-01-07,241.98644541203976
2022-01-10,244.60560996830463
2022-01-11,247.83542448282242
2022-01-12,246.71258898079395
2022-01-13,241.80355441570282
2022-01-14,241.34932743012905
2022-01-18,235.87233358621597
2022-01-19,235.30003474652767
2022-01-20,233.69845329225063
2022-01-21,230.6513669937849
2022-01-24,231.62120048701763
2022-01-25,226.54536809027195
2022-01-26,224.45618471503258
2022-01-27,223.73839960992336
2022-01-28,229.78640723228455
2022-01-31,233.64802604913712
2022-02-01,235.43882378935814
2022-02-02,238.99276702106
2022-02-03,237.8585713505745
2022-02-04,237.00727486610413
2022-02-07,236.6171673387289
2022-02-08,239.2548482567072
2022-02-09,243.68099266290665
2022-02-10,239.53491047024727
2022-02-11,234.7570098489523
2022-02-14,232.15705297887325
2022-02-15,234.95646435022354
2022-02-16,235.7368592619896
2022-02-17,230.6932966262102
2022-02-18,228.91035361588
2022-02-22,228.6594578921795
2022-02-23,226.0918887257576
2022-02-24,230.8845929801464
2022-02-25,237.1704608798027
2022-02-28,235.20345348119736
2022-03-01,233.87674897909164
2022-03-02,236.1643422394991
2022-03-03,236.84736667573452
2022-03-04,236.52885945141315
2022-03-07,230.19097651541233
2022-03-08,224.69692991673946
2022-03-09,230.99309286475182
2022-03-10,229.18696075677872
2022-03-11,225.54617251455784
2022-03-14,225.0266955345869
2022-03-15,230.04245947301388
2022-03-16,235.6113386899233
2022-03-17,239.45370346307755
2022-03-18,242.47067859768867
2022-03-21,241.46620638668537
2022-03-22,242.7626334130764
2022-03-23,236.3282246887684
2022-03-24,239.31949824094772
2022-03-25,239.9648824930191
2022-03-28,242.10971057415009
2022-03-29,245.0991146862507
2022-03-30,244.35965891182423
2022-03-31,241.42514887452126
2022-04-01,244.06662338972092
2022-04-04,241.8271669447422
2022-04-05,241.48601134121418
2022-04-06,242.62052023410797
2022-04-07,247.60374261438847
2022-04-08,248.59920877218246
2022-04-11,242.99855379760265
2022-04-12,239.63492687046528
2022-04-13,242.47257347404957
2022-04-14,240.28592401742935
2022-04-18,237.42567114531994
2022-04-19,241.19969922304153
2022-04-20,245.38195736706257
2022-04-21,240.42546570301056
2022-04-22,229.8846850693226
2022-04-25,230.415302708745
2022-04-26,223.50518932938576
2022-04-27,223.45174619555473
2022-04-28,225.18039064109325
2022-04-29,220.33843713998795
2022-05-02,219.65108180046082
2022-05-03,221.346254914999
2022-05-04,226.84207752346992
2022-05-05,220.36933566629887
2022-05-06,217.6469371765852
2022-05-09,208.46435876190662
2022-05-10,209.82328683137894
2022-05-11,206.86501233279705
2022-05-12,209.30442318320274
2022-05-13,214.03473141789436
2022-05-16,214.36223232746124
2022-05-17,217.99268174171448
2022-05-18,211.61131109297276
2022-05-19,213.73175284266472
2022-05-20,215.76788699626923
2022-05-23,217.45156794786453
2022-05-24,216.80483902990818
2022-05-25,216.77688550949097
2022-05-26,219.2681256979704
2022-05-27,225.6482739597559
2022-05-31,220.6706279963255
2022-06-01,216.72043824195862
2022-06-02,220.98406541347504
2022-06-03,217.21507599949837
2022-06-06,217.04641415178776
2022-06-07,219.94085247814655
2022-06-08,217.76447243988514
2022-06-09,212.22434237599373
2022-06-10,207.88859276473522
2022-06-13,200.5852243900299
2022-06-14,198.55194000899792
2022-06-15,200.93004716932774
2022-06-16,196.31859450042248
2022-06-17,196.63257324695587
2022-06-21,199.83556000888348
2022-06-22,201.8293569535017
2022-06-23,207.5213119238615
2022-06-24,210.88897813856602
2022-06-27,211.22057889401913
2022-06-28,207.35346715152264
2022-06-29,209.4281483888626
2022-06-30,207.94691775739193
2022-07-01,211.54675355553627
2022-07-05,211.3247261494398
2022-07-06,212.456738576293
2022-07-07,214.76903761923313
2022-07-08,215.74007631838322
2022-07-11,214.41935643553734
2022-07-12,210.72903360426426
2022-07-13,208.7050045579672
2022-07-14,207.01796631515026
2022-07-15,212.0497692078352
2022-07-18,207.60543102025986
2022-07-19,213.29494187235832
2022-07-20,212.56528596580029
2022-07-21,218.27399896085262
2022-07-22,216.35501377284527
2022-07-25,216.94474852085114
2022-07-26,217.72300772368908
2022-07-27,220.36478427052498
2022-07-28,223.37730540335178
2022-07-29,224.56114907562733
2022-08-01,223.11477100849152
2022-08-02,222.27924109995365
2022-08-03,224.08956553041935
2022-08-04,223.67607022821903
2022-08-05,224.51917570829391
2022-08-08,224.57955898344517
2022-08-09,221.94037759304047
2022-08-10,226.42116743326187
2022-08-11,225.46269573271275
2022-08-12,228.0369135737419
2022-08-15,229.15297442674637
2022-08-16,227.69292518496513
2022-08-17,225.2977223843336
2022-08-18,224.46211610734463
2022-08-19,223.37892197072506
2022-08-22,219.36782063543797
2022-08-23,216.3599087446928
2022-08-24,217.69020311534405
2022-08-25,220.98011016845703
2022-08-26,213.03007252514362
2022-08-29,211.9740945994854
2022-08-30,210.39948666095734
2022-08-31,209.2983902990818
2022-09-01,211.3789738714695
2022-09-02,208.57923486828804
2022-09-06,208.4694052040577
2022-09-07,213.69581654667854
2022-09-08,219.24058255553246
2022-09-09,221.6776918619871
2022-09-12,223.05311834812164
2022-09-13,214.348039239645
2022-09-14,213.1175547093153
2022-09-15,213.70662862062454
2022-09-16,211.19556106626987
2022-09-19,210.74588312208652
2022-09-20,207.34864285588264
2022-09-21,203.8159455358982
2022-09-22,202.1839800477028
2022-09-23,201.2059737443924
2022-09-26,198.8623473495245
2022-09-27,197.9113955050707
2022-09-28,203.08165869116783
2022-09-29,201.03506150841713
2022-09-30,198.8397732526064
2022-10-03,204.96463665366173
2022-10-04,210.82061068713665
2022-10-05,211.9622761309147
2022-10-06,209.63294905424118
2022-10-07,204.3906107544899
2022-10-10,201.79394958913326
2022-10-11,201.91020932793617
2022-10-12,200.4298159778118
2022-10-13,205.31860722601414
2022-10-14,202.57803735136986
2022-10-17,207.08652411401272
2022-10-18,208.6777437478304
2022-10-19,204.98483195900917
2022-10-20,203.15940509736538
2022-10-21,207.17503607273102
2022-10-24,211.07751317322254
2022-10-25,215.2973351329565
2022-10-26,218.32049949467182
2022-10-27,215.19265016913414
2022-10-28,218.22088319063187
2022-10-31,218.15478701889515
2022-11-01,218.96481081843376
2022-11-02,214.12358593940735
2022-11-03,212.8629608154297
2022-11-04,215.8359526693821
2022-11-07,217.72977735102177
2022-11-08,218.9913548529148
2022-11-09,216.83360381424427
2022-11-10,226.39531289041042
2022-11-11,226.31453551352024
2022-11-14,224.395368501544
2022-11-15,224.31233111023903
2022-11-16,223.11269699037075
2022-11-17,221.1141842454672
2022-11-18,223.4049698114395
2022-11-21,223.33619774878025
2022-11-22,226.15979397296906
2022-11-23,226.98717941343784
2022-11-25,228.15706062316895
2022-11-28,225.71381716430187
2022-11-29,225.0021661669016
2022-11-30,231.58070275187492
2022-12-01,233.29175831377506
2022-12-02,233.3439368903637
2022-12-05,229.60833090543747
2022-12-06,227.95982332527637
2022-12-07,230.09880582988262
2022-12-08,232.17284628748894
2022-12-09,228.8837094604969
2022-12-12,231.10511431097984
2022-12-13,233.35395675897598
2022-12-14,232.42743867635727
2022-12-15,225.0903640453632
2022-12-16,222.39244481600247
2022-12-19,220.79232409550593
2022-12-20,221.31126035543588
2022-12-21,225.08346996307372
2022-12-22,224.53461974217342
2022-12-23,224.37009515028734
2022-12-27,223.75436350015494
2022-12-28,222.05062241187463
2022-12-29,225.64280440990743
2022-12-30,224.37189373603235
2023-01-03,223.70844637063834
2023-01-04,225.59024410247804
2023-01-05,223.46680267040546
2023-01-06,224.37337762392485
2023-01-09,222.7360687989455
2023-01-10,226.53642036731426
2023-01-11,229.25548596015344
2023-01-12,228.06986000354473
2023-01-13,229.79565554398758
2023-01-17,229.4162514466506
2023-01-18,227.31352191338172
2023-01-19,227.0715828528771
2023-01-20,229.93476828061617
2023-01-23,231.8763627419105
2023-01-24,229.2708206323477
2023-01-25,229.3597851386437
2023-01-26,230.82320811931905
2023-01-27,230.01052987025335
2023-01-30,227.59521214411808
2023-01-31,230.9487852389996
2023-02-01,233.27511755136342
2023-02-02,234.64455651503343
2023-02-03,232.77318933927097
2023-02-06,230.71173666440524
2023-02-07,232.61732258429893
2023-02-08,230.94127311706544
2023-02-09,227.99358882904053
2023-02-10,228.9976688825167
2023-02-13,231.83859073932354
2023-02-14,230.78710249387302
2023-02-15,230.9921702018151
2023-02-16,229.21227522629957
2023-02-17,229.9887414932251
2023-02-21,225.19773911696214
2023-02-22,224.5008465546828
2023-02-23,225.70725970635047
2023-02-24,222.41924824347862
2023-02-27,222.04061299837554
2023-02-28,220.95642775022066
2023-03-01,220.54685167165903
2023-03-02,223.31364198831412
2023-03-03,226.99407488015981
2023-03-06,225.86085159595197
2023-03-07,221.84335620586688
2023-03-08,221.13013318868784
2023-03-09,219.02408482478216
2023-03-10,215.77124265524057
2023-03-13,218.25634768559382
2023-03-14,221.08929707453802
2023-03-15,219.06971162649302
2023-03-16,222.25550501896785
2023-03-17,219.5709912813627
2023-03-20,222.03597416510948
2023-03-21,224.83202313643235
2023-03-22,220.48689198127158
2023-03-23,220.26412660158599
2023-03-24,223.32029294234056
2023-03-27,224.65826680110052
2023-03-28,223.46665439605712
2023-03-29,224.5650924535898
2023-03-30,225.8711596268874
2023-03-31,229.0895318398109
2023-04-03,230.00094645573543
2023-04-04,229.73857091756966
2023-04-05,231.94136773622952
2023-04-06,231.8754093463604
2023-04-10,232.51466915424052
2023-04-11,233.75897802206185
2023-04-12,233.662442779541
2023-04-13,237.38737819378193
2023-04-14,235.3781412124634
2023-04-17,235.560477579557
2023-04-18,234.42511561467097
2023-04-19,235.12414075411283
2023-04-20,232.54543933868408
2023-04-21,234.485297701909
2023-04-24,236.13491564530594
2023-04-25,230.31954882695123
2023-04-26,228.40387023045466
2023-04-27,229.8776481481699
2023-04-28,233.06910460545467
2023-05-01,234.13523139953614
2023-05-02,231.86904534559983
2023-05-03,231.98096857804518
2023-05-04,229.40871482262244
2023-05-05,230.12298325758715
2023-05-08,228.46033903268668
2023-05-09,226.60632669008695
2023-05-10,227.25412480280949
2023-05-11,226.52221045860878
2023-05-12,226.8761599320632
2023-05-15,227.0168091553908
2023-05-16,225.11228416149433
2023-05-17,225.3674683350783
2023-05-18,225.39718415186957
2023-05-19,226.0248291162344
2023-05-22,226.6097148014949
2023-05-23,222.57749862670897
2023-05-24,220.35695840395414
2023-05-25,218.3642152786255
2023-05-26,218.8822868200449
2023-05-30,217.17613026545598
2023-05-31,218.21023104741022
2023-06-01,220.5249133183406
2023-06-02,222.81895212026743
2023-06-05,223.75453309279223
2023-06-06,222.14470549363355
2023-06-07,221.2638934648954
2023-06-08,221.49167477534368
2023-06-09,221.44193157782922
2023-06-12,224.0591718820425
2023-06-13,225.45099133711594
2023-06-14,223.32248714153585
2023-06-15,227.33800399486836
2023-06-16,226.88658938774697
2023-06-20,225.679881976201
2023-06-21,225.9972978885357
2023-06-22,226.91586134983942
2023-06-23,226.15475405179538
2023-06-26,225.66591664827786
2023-06-27,224.710654097337
2023-06-28,224.59443630805382
2023-06-29,226.84236414982723
2023-06-30,229.17902500446027
2023-07-03,227.1804562642024
2023-07-05,226.85629342886116
2023-07-06,225.09511064382698
2023-07-07,223.2522319646982
2023-07-10,226.33829102149377
2023-07-11,226.6697783250075
2023-07-12,227.37511376601
2023-07-13,227.95763906332164
2023-07-14,230.2167383634127
2023-07-17,229.7464639516977
2023-07-18,230.33822100712703
2023-07-19,231.6102011167086
2023-07-20,232.9760473544781
2023-07-21,235.1882637317364
2023-07-24,234.43364227001484
2023-07-25,234.19679539020245
2023-07-26,233.8941545339731
2023-07-27,232.33200167142428
2023-07-28,232.6349231133094
2023-07-31,230.64368968376746
2023-08-01,229.81753914172833
2023-08-02,230.21646062410795
2023-08-03,229.11184511918287
2023-08-04,228.02430780850923
